--
-- PostgreSQL database dump
--

-- Dumped from database version 17.4 (Debian 17.4-1.pgdg120+2)
-- Dumped by pg_dump version 17.4 (Debian 17.4-1.pgdg120+2)

SET statement_timeout = 0;
SET lock_timeout = 0;
SET idle_in_transaction_session_timeout = 0;
SET transaction_timeout = 0;
SET client_encoding = 'UTF8';
SET standard_conforming_strings = on;
SELECT pg_catalog.set_config('search_path', '', false);
SET check_function_bodies = false;
SET xmloption = content;
SET client_min_messages = warning;
SET row_security = off;

SET default_tablespace = '';

SET default_table_access_method = heap;

--
-- Name: apartments_apartment; Type: TABLE; Schema: public; Owner: postgres
--

CREATE TABLE public.apartments_apartment (
    id bigint NOT NULL,
    name character varying(100) NOT NULL,
    slug character varying(50) NOT NULL,
    image character varying(100) NOT NULL,
    description text NOT NULL,
    price numeric(8,2) NOT NULL,
    number_of_rooms integer NOT NULL,
    square numeric(8,2) NOT NULL,
    availability boolean NOT NULL,
    created_at timestamp with time zone NOT NULL,
    updated_at timestamp with time zone NOT NULL
);


ALTER TABLE public.apartments_apartment OWNER TO postgres;

--
-- Name: apartments_apartment_id_seq; Type: SEQUENCE; Schema: public; Owner: postgres
--

ALTER TABLE public.apartments_apartment ALTER COLUMN id ADD GENERATED BY DEFAULT AS IDENTITY (
    SEQUENCE NAME public.apartments_apartment_id_seq
    START WITH 1
    INCREMENT BY 1
    NO MINVALUE
    NO MAXVALUE
    CACHE 1
);


--
-- Name: auth_group; Type: TABLE; Schema: public; Owner: postgres
--

CREATE TABLE public.auth_group (
    id integer NOT NULL,
    name character varying(150) NOT NULL
);


ALTER TABLE public.auth_group OWNER TO postgres;

--
-- Name: auth_group_id_seq; Type: SEQUENCE; Schema: public; Owner: postgres
--

ALTER TABLE public.auth_group ALTER COLUMN id ADD GENERATED BY DEFAULT AS IDENTITY (
    SEQUENCE NAME public.auth_group_id_seq
    START WITH 1
    INCREMENT BY 1
    NO MINVALUE
    NO MAXVALUE
    CACHE 1
);


--
-- Name: auth_group_permissions; Type: TABLE; Schema: public; Owner: postgres
--

CREATE TABLE public.auth_group_permissions (
    id bigint NOT NULL,
    group_id integer NOT NULL,
    permission_id integer NOT NULL
);


ALTER TABLE public.auth_group_permissions OWNER TO postgres;

--
-- Name: auth_group_permissions_id_seq; Type: SEQUENCE; Schema: public; Owner: postgres
--

ALTER TABLE public.auth_group_permissions ALTER COLUMN id ADD GENERATED BY DEFAULT AS IDENTITY (
    SEQUENCE NAME public.auth_group_permissions_id_seq
    START WITH 1
    INCREMENT BY 1
    NO MINVALUE
    NO MAXVALUE
    CACHE 1
);


--
-- Name: auth_permission; Type: TABLE; Schema: public; Owner: postgres
--

CREATE TABLE public.auth_permission (
    id integer NOT NULL,
    name character varying(255) NOT NULL,
    content_type_id integer NOT NULL,
    codename character varying(100) NOT NULL
);


ALTER TABLE public.auth_permission OWNER TO postgres;

--
-- Name: auth_permission_id_seq; Type: SEQUENCE; Schema: public; Owner: postgres
--

ALTER TABLE public.auth_permission ALTER COLUMN id ADD GENERATED BY DEFAULT AS IDENTITY (
    SEQUENCE NAME public.auth_permission_id_seq
    START WITH 1
    INCREMENT BY 1
    NO MINVALUE
    NO MAXVALUE
    CACHE 1
);


--
-- Name: booking_booking; Type: TABLE; Schema: public; Owner: postgres
--

CREATE TABLE public.booking_booking (
    id bigint NOT NULL,
    apartment_id bigint NOT NULL,
    user_id bigint NOT NULL
);


ALTER TABLE public.booking_booking OWNER TO postgres;

--
-- Name: booking_booking_id_seq; Type: SEQUENCE; Schema: public; Owner: postgres
--

ALTER TABLE public.booking_booking ALTER COLUMN id ADD GENERATED BY DEFAULT AS IDENTITY (
    SEQUENCE NAME public.booking_booking_id_seq
    START WITH 1
    INCREMENT BY 1
    NO MINVALUE
    NO MAXVALUE
    CACHE 1
);


--
-- Name: django_admin_log; Type: TABLE; Schema: public; Owner: postgres
--

CREATE TABLE public.django_admin_log (
    id integer NOT NULL,
    action_time timestamp with time zone NOT NULL,
    object_id text,
    object_repr character varying(200) NOT NULL,
    action_flag smallint NOT NULL,
    change_message text NOT NULL,
    content_type_id integer,
    user_id bigint NOT NULL,
    CONSTRAINT django_admin_log_action_flag_check CHECK ((action_flag >= 0))
);


ALTER TABLE public.django_admin_log OWNER TO postgres;

--
-- Name: django_admin_log_id_seq; Type: SEQUENCE; Schema: public; Owner: postgres
--

ALTER TABLE public.django_admin_log ALTER COLUMN id ADD GENERATED BY DEFAULT AS IDENTITY (
    SEQUENCE NAME public.django_admin_log_id_seq
    START WITH 1
    INCREMENT BY 1
    NO MINVALUE
    NO MAXVALUE
    CACHE 1
);


--
-- Name: django_content_type; Type: TABLE; Schema: public; Owner: postgres
--

CREATE TABLE public.django_content_type (
    id integer NOT NULL,
    app_label character varying(100) NOT NULL,
    model character varying(100) NOT NULL
);


ALTER TABLE public.django_content_type OWNER TO postgres;

--
-- Name: django_content_type_id_seq; Type: SEQUENCE; Schema: public; Owner: postgres
--

ALTER TABLE public.django_content_type ALTER COLUMN id ADD GENERATED BY DEFAULT AS IDENTITY (
    SEQUENCE NAME public.django_content_type_id_seq
    START WITH 1
    INCREMENT BY 1
    NO MINVALUE
    NO MAXVALUE
    CACHE 1
);


--
-- Name: django_migrations; Type: TABLE; Schema: public; Owner: postgres
--

CREATE TABLE public.django_migrations (
    id bigint NOT NULL,
    app character varying(255) NOT NULL,
    name character varying(255) NOT NULL,
    applied timestamp with time zone NOT NULL
);


ALTER TABLE public.django_migrations OWNER TO postgres;

--
-- Name: django_migrations_id_seq; Type: SEQUENCE; Schema: public; Owner: postgres
--

ALTER TABLE public.django_migrations ALTER COLUMN id ADD GENERATED BY DEFAULT AS IDENTITY (
    SEQUENCE NAME public.django_migrations_id_seq
    START WITH 1
    INCREMENT BY 1
    NO MINVALUE
    NO MAXVALUE
    CACHE 1
);


--
-- Name: django_session; Type: TABLE; Schema: public; Owner: postgres
--

CREATE TABLE public.django_session (
    session_key character varying(40) NOT NULL,
    session_data text NOT NULL,
    expire_date timestamp with time zone NOT NULL
);


ALTER TABLE public.django_session OWNER TO postgres;

--
-- Name: users_user; Type: TABLE; Schema: public; Owner: postgres
--

CREATE TABLE public.users_user (
    id bigint NOT NULL,
    password character varying(128) NOT NULL,
    last_login timestamp with time zone,
    is_superuser boolean NOT NULL,
    first_name character varying(150) NOT NULL,
    last_name character varying(150) NOT NULL,
    is_staff boolean NOT NULL,
    is_active boolean NOT NULL,
    date_joined timestamp with time zone NOT NULL,
    login character varying(150) NOT NULL,
    email character varying(254) NOT NULL,
    phone_number character varying(20) NOT NULL,
    is_verified boolean NOT NULL,
    auth_provider character varying(20) NOT NULL
);


ALTER TABLE public.users_user OWNER TO postgres;

--
-- Name: users_user_groups; Type: TABLE; Schema: public; Owner: postgres
--

CREATE TABLE public.users_user_groups (
    id bigint NOT NULL,
    user_id bigint NOT NULL,
    group_id integer NOT NULL
);


ALTER TABLE public.users_user_groups OWNER TO postgres;

--
-- Name: users_user_groups_id_seq; Type: SEQUENCE; Schema: public; Owner: postgres
--

ALTER TABLE public.users_user_groups ALTER COLUMN id ADD GENERATED BY DEFAULT AS IDENTITY (
    SEQUENCE NAME public.users_user_groups_id_seq
    START WITH 1
    INCREMENT BY 1
    NO MINVALUE
    NO MAXVALUE
    CACHE 1
);


--
-- Name: users_user_id_seq; Type: SEQUENCE; Schema: public; Owner: postgres
--

ALTER TABLE public.users_user ALTER COLUMN id ADD GENERATED BY DEFAULT AS IDENTITY (
    SEQUENCE NAME public.users_user_id_seq
    START WITH 1
    INCREMENT BY 1
    NO MINVALUE
    NO MAXVALUE
    CACHE 1
);


--
-- Name: users_user_user_permissions; Type: TABLE; Schema: public; Owner: postgres
--

CREATE TABLE public.users_user_user_permissions (
    id bigint NOT NULL,
    user_id bigint NOT NULL,
    permission_id integer NOT NULL
);


ALTER TABLE public.users_user_user_permissions OWNER TO postgres;

--
-- Name: users_user_user_permissions_id_seq; Type: SEQUENCE; Schema: public; Owner: postgres
--

ALTER TABLE public.users_user_user_permissions ALTER COLUMN id ADD GENERATED BY DEFAULT AS IDENTITY (
    SEQUENCE NAME public.users_user_user_permissions_id_seq
    START WITH 1
    INCREMENT BY 1
    NO MINVALUE
    NO MAXVALUE
    CACHE 1
);


--
-- Data for Name: apartments_apartment; Type: TABLE DATA; Schema: public; Owner: postgres
--

COPY public.apartments_apartment (id, name, slug, image, description, price, number_of_rooms, square, availability, created_at, updated_at) FROM stdin;
16	Sunny Retreat	sunny-retreat	apartments/10_nDSCJIl.jpg	Description: A cozy and comfortable apartment with a serene atmosphere.	24000.00	1	148.00	f	2025-05-02 18:19:36.466609+00	2025-05-02 18:29:57.669201+00
11	City Retreat	city-retreat	apartments/7.jpg	Description: A spacious, open-concept apartment with modern finishes and plenty of natural light.	30000.00	4	80.00	t	2025-05-02 18:17:36.339348+00	2025-05-02 18:17:36.339367+00
12	Country Cottage	country-cottage	apartments/8.jpg	Description: A luxurious escape with a private garden, perfect for relaxing after a long day.	18000.00	5	61.00	t	2025-05-02 18:17:56.760507+00	2025-05-02 18:17:56.760523+00
15	City Loft	city-loft	apartments/1_CF1wlmW.jpg	Description: A modern and stylish living space located in the heart of the city.	22000.00	1	113.00	t	2025-05-02 18:19:15.62722+00	2025-05-02 18:19:15.627234+00
17	Beachfront Escape	beachfront-escape	apartments/5_FRexjbk.jpg	Description: A regal residence with magnificent views and world-class amenities	32000.00	4	86.00	t	2025-05-02 18:19:57.804824+00	2025-05-02 18:19:57.804839+00
18	Parkside Residence	parkside-residence	apartments/8_NRtZJM8.jpg	Description: A grand and contemporary home with luxurious finishes and ample space.	27000.00	3	96.00	t	2025-05-02 18:20:19.625003+00	2025-05-02 18:20:19.625021+00
19	Riverside Getaway	riverside-getaway	apartments/9_Cd3xf0s.jpg	Description: A cozy and comfortable apartment with a serene atmosphere.	23000.00	1	115.00	t	2025-05-02 18:20:41.751504+00	2025-05-02 18:20:41.75152+00
20	Contemporary Palace	contemporary-palace	apartments/4_jMdfQi5.jpg	Description: An elegant home designed for comfort and style, ideal for relaxation.	24000.00	1	118.00	t	2025-05-02 18:21:04.69172+00	2025-05-02 18:21:04.691735+00
21	Loft Living	loft-living	apartments/2_PL5J55T.jpg	Description: A sleek and sophisticated living space with all the comforts of modern life.	18000.00	5	72.00	t	2025-05-02 18:21:33.729351+00	2025-05-02 18:21:33.729365+00
22	Countryside Cottage	countryside-cottage	apartments/7_8yPZKti.jpg	A countryside cottage offering a rustic charm and peaceful surroundings.	15000.00	2	70.00	t	2025-05-02 18:22:11.276965+00	2025-05-02 18:22:11.276982+00
23	Green Acres	green-acres	apartments/4_p4LOgqc.jpg	A grand and contemporary home with luxurious finishes and ample space.	40000.00	5	132.00	t	2025-05-02 18:22:36.927826+00	2025-05-02 18:22:36.927842+00
24	Forest Escape	forest-escape	apartments/5_EcI9S43.jpg	A beautiful beachfront property with easy access to the beach and stunning views.	20000.00	3	69.00	t	2025-05-02 18:23:01.225238+00	2025-05-02 18:23:01.225252+00
6	Urban Loft	urban-loft	apartments/2.jpg	Description: A beautiful place to unwind and relax, with stunning views and modern amenities.	40000.00	3	133.00	f	2025-05-02 18:15:10.627251+00	2025-05-02 18:28:14.454563+00
13	Modern Living	modern-living	apartments/9.jpg	Description: Experience the ultimate in luxury with spacious rooms and stylish decor.	35000.00	5	119.00	f	2025-05-02 18:18:21.046112+00	2025-05-02 18:28:20.73302+00
3	Central Apartment	central-apartment	apartments/test2.jpg	Modern apartment in the city center with a great park view.	12010.00	5	55.50	f	2025-05-02 07:21:40.920645+00	2025-05-02 18:28:32.313284+00
2	Updated Apartment Name3	aaaa	apartments/test_hM23o4R.jpg	Updated description of the apartment.	1200.00	3	80.00	f	2025-05-01 18:41:16.969598+00	2025-05-02 18:28:58.092432+00
5	Skyline Suite	skyline-suite	apartments/1.jpg	Description: An elegant home designed for comfort and style, ideal for relaxation.	12000.00	3	63.00	f	2025-05-02 18:14:08.194206+00	2025-05-02 18:29:01.882398+00
7	Ocean Breeze	ocean-breeze	apartments/3.jpg	Description: A spacious and bright apartment with panoramic views of the city skyline.	18000.00	1	75.00	f	2025-05-02 18:15:35.975964+00	2025-05-02 18:29:05.921887+00
8	Downtown Penthouse	downtown-penthouse	apartments/4.jpg	Description: A grand and contemporary home with luxurious finishes and ample space.	25000.00	4	77.00	f	2025-05-02 18:16:01.19362+00	2025-05-02 18:29:19.910435+00
9	Lakeside Cottage	lakeside-cottage	apartments/5.jpg	Description: A beautiful place to unwind and relax, with stunning views and modern amenities.	22000.00	1	144.00	f	2025-05-02 18:16:22.152953+00	2025-05-02 18:29:23.020396+00
10	Luxury Haven	luxury-haven	apartments/6.jpg	Description: An exclusive penthouse in the city center, offering high-end living at its finest.	28000.00	2	76.00	f	2025-05-02 18:17:18.109369+00	2025-05-02 18:29:26.120656+00
14	Cozy Corner	cozy-corner	apartments/10.jpg	Description: A beautiful place to unwind and relax, with stunning views and modern amenities.	20000.00	2	124.00	f	2025-05-02 18:18:39.969719+00	2025-05-02 18:29:52.789275+00
\.


--
-- Data for Name: auth_group; Type: TABLE DATA; Schema: public; Owner: postgres
--

COPY public.auth_group (id, name) FROM stdin;
\.


--
-- Data for Name: auth_group_permissions; Type: TABLE DATA; Schema: public; Owner: postgres
--

COPY public.auth_group_permissions (id, group_id, permission_id) FROM stdin;
\.


--
-- Data for Name: auth_permission; Type: TABLE DATA; Schema: public; Owner: postgres
--

COPY public.auth_permission (id, name, content_type_id, codename) FROM stdin;
1	Can add log entry	1	add_logentry
2	Can change log entry	1	change_logentry
3	Can delete log entry	1	delete_logentry
4	Can view log entry	1	view_logentry
5	Can add permission	2	add_permission
6	Can change permission	2	change_permission
7	Can delete permission	2	delete_permission
8	Can view permission	2	view_permission
9	Can add group	3	add_group
10	Can change group	3	change_group
11	Can delete group	3	delete_group
12	Can view group	3	view_group
13	Can add content type	4	add_contenttype
14	Can change content type	4	change_contenttype
15	Can delete content type	4	delete_contenttype
16	Can view content type	4	view_contenttype
17	Can add session	5	add_session
18	Can change session	5	change_session
19	Can delete session	5	delete_session
20	Can view session	5	view_session
21	Can add user	6	add_user
22	Can change user	6	change_user
23	Can delete user	6	delete_user
24	Can view user	6	view_user
25	Can add apartment	7	add_apartment
26	Can change apartment	7	change_apartment
27	Can delete apartment	7	delete_apartment
28	Can view apartment	7	view_apartment
29	Can add booking	8	add_booking
30	Can change booking	8	change_booking
31	Can delete booking	8	delete_booking
32	Can view booking	8	view_booking
\.


--
-- Data for Name: booking_booking; Type: TABLE DATA; Schema: public; Owner: postgres
--

COPY public.booking_booking (id, apartment_id, user_id) FROM stdin;
19	6	7
20	13	7
21	3	7
22	2	6
23	5	6
24	7	6
25	8	4
26	9	4
27	10	4
28	14	1
29	16	1
\.


--
-- Data for Name: django_admin_log; Type: TABLE DATA; Schema: public; Owner: postgres
--

COPY public.django_admin_log (id, action_time, object_id, object_repr, action_flag, change_message, content_type_id, user_id) FROM stdin;
1	2025-05-01 17:20:01.108097+00	2	login	1	[{"added": {}}]	6	1
2	2025-05-01 17:20:41.126229+00	2	login	3		6	1
3	2025-05-01 17:20:58.621538+00	1	admin	2	[{"changed": {"fields": ["Is verified"]}}]	6	1
4	2025-05-01 18:23:07.043071+00	1	aaaa	1	[{"added": {}}]	7	1
5	2025-05-01 18:35:58.236439+00	1	aaaa	3		7	1
6	2025-05-01 18:41:16.97386+00	2	aaaa	1	[{"added": {}}]	7	1
7	2025-05-02 07:21:40.924373+00	3	Central Apartment	1	[{"added": {}}]	7	1
8	2025-05-02 08:29:48.162787+00	2	aaaa	2	[{"changed": {"fields": ["Availability"]}}]	7	1
9	2025-05-02 08:58:59.048309+00	3	Central Apartment	2	[{"changed": {"fields": ["Price"]}}]	7	1
10	2025-05-02 09:52:16.33228+00	3	ivanov_123	3		6	1
11	2025-05-02 12:59:27.494326+00	2	aaaa	2	[{"changed": {"fields": ["Availability"]}}]	7	1
12	2025-05-02 14:34:38.862242+00	1	admin	2	[{"changed": {"fields": ["First name", "Last name"]}}]	6	1
13	2025-05-02 17:16:31.903965+00	4	qwe	1	[{"added": {}}]	7	1
14	2025-05-02 18:14:08.19632+00	5	Skyline Suite	1	[{"added": {}}]	7	1
15	2025-05-02 18:15:10.628327+00	6	Urban Loft	1	[{"added": {}}]	7	1
16	2025-05-02 18:15:35.976859+00	7	Ocean Breeze	1	[{"added": {}}]	7	1
17	2025-05-02 18:16:01.19457+00	8	Downtown Penthouse	1	[{"added": {}}]	7	1
18	2025-05-02 18:16:22.154179+00	9	Lakeside Cottage	1	[{"added": {}}]	7	1
19	2025-05-02 18:17:18.110407+00	10	Luxury Haven	1	[{"added": {}}]	7	1
20	2025-05-02 18:17:36.340425+00	11	City Retreat	1	[{"added": {}}]	7	1
21	2025-05-02 18:17:56.761557+00	12	Country Cottage	1	[{"added": {}}]	7	1
22	2025-05-02 18:18:21.047018+00	13	Modern Living	1	[{"added": {}}]	7	1
23	2025-05-02 18:18:39.970681+00	14	Cozy Corner	1	[{"added": {}}]	7	1
24	2025-05-02 18:19:15.628095+00	15	City Loft	1	[{"added": {}}]	7	1
25	2025-05-02 18:19:36.467537+00	16	Sunny Retreat	1	[{"added": {}}]	7	1
26	2025-05-02 18:19:57.805765+00	17	Beachfront Escape	1	[{"added": {}}]	7	1
27	2025-05-02 18:20:19.626246+00	18	Parkside Residence	1	[{"added": {}}]	7	1
28	2025-05-02 18:20:41.752431+00	19	Riverside Getaway	1	[{"added": {}}]	7	1
29	2025-05-02 18:21:04.69273+00	20	Contemporary Palace	1	[{"added": {}}]	7	1
30	2025-05-02 18:21:33.730267+00	21	Loft Living	1	[{"added": {}}]	7	1
31	2025-05-02 18:22:11.277879+00	22	Countryside Cottage	1	[{"added": {}}]	7	1
32	2025-05-02 18:22:36.928791+00	23	Green Acres	1	[{"added": {}}]	7	1
33	2025-05-02 18:23:01.226077+00	24	Forest Escape	1	[{"added": {}}]	7	1
\.


--
-- Data for Name: django_content_type; Type: TABLE DATA; Schema: public; Owner: postgres
--

COPY public.django_content_type (id, app_label, model) FROM stdin;
1	admin	logentry
2	auth	permission
3	auth	group
4	contenttypes	contenttype
5	sessions	session
6	users	user
7	apartments	apartment
8	booking	booking
\.


--
-- Data for Name: django_migrations; Type: TABLE DATA; Schema: public; Owner: postgres
--

COPY public.django_migrations (id, app, name, applied) FROM stdin;
1	contenttypes	0001_initial	2025-05-01 16:56:54.638508+00
2	contenttypes	0002_remove_content_type_name	2025-05-01 16:56:54.642778+00
3	auth	0001_initial	2025-05-01 16:56:54.657477+00
4	auth	0002_alter_permission_name_max_length	2025-05-01 16:56:54.660905+00
5	auth	0003_alter_user_email_max_length	2025-05-01 16:56:54.66461+00
6	auth	0004_alter_user_username_opts	2025-05-01 16:56:54.6681+00
7	auth	0005_alter_user_last_login_null	2025-05-01 16:56:54.67165+00
8	auth	0006_require_contenttypes_0002	2025-05-01 16:56:54.672884+00
9	auth	0007_alter_validators_add_error_messages	2025-05-01 16:56:54.676793+00
10	auth	0008_alter_user_username_max_length	2025-05-01 16:56:54.680054+00
11	auth	0009_alter_user_last_name_max_length	2025-05-01 16:56:54.683611+00
12	auth	0010_alter_group_name_max_length	2025-05-01 16:56:54.687474+00
13	auth	0011_update_proxy_permissions	2025-05-01 16:56:54.691284+00
14	auth	0012_alter_user_first_name_max_length	2025-05-01 16:56:54.694971+00
15	users	0001_initial	2025-05-01 16:56:54.709196+00
16	admin	0001_initial	2025-05-01 16:56:54.71854+00
17	admin	0002_logentry_remove_auto_add	2025-05-01 16:56:54.723503+00
18	admin	0003_logentry_add_action_flag_choices	2025-05-01 16:56:54.728526+00
19	sessions	0001_initial	2025-05-01 16:56:54.732867+00
20	users	0002_auto_20250501_1648	2025-05-01 16:56:54.733961+00
21	apartments	0001_initial	2025-05-01 18:00:46.710454+00
22	booking	0001_initial	2025-05-02 12:46:17.711234+00
23	booking	0002_remove_booking_created_at_alter_booking_apartment_and_more	2025-05-02 13:12:08.419065+00
\.


--
-- Data for Name: django_session; Type: TABLE DATA; Schema: public; Owner: postgres
--

COPY public.django_session (session_key, session_data, expire_date) FROM stdin;
bg5qcwehmtyf8ppe68bri3dxhz7fet28	.eJxVjMsOwiAQRf-FtSHAdHi4dO83kGGgUjU0Ke3K-O_apAvd3nPOfYlI21rj1ssSpyzOQovT75aIH6XtIN-p3WbJc1uXKcldkQft8jrn8rwc7t9BpV6_9cCsA2SvtIUMhbWHISVjMZCzpAKOgTkEgIIOyTCOiOCRwKlUXDLi_QHNdDdL:1uAulC:AEnBB1PjNzhOaiq3RchjNNvwLQtua-Byh0-CC-N51zs	2025-05-16 18:05:18.427843+00
\.


--
-- Data for Name: users_user; Type: TABLE DATA; Schema: public; Owner: postgres
--

COPY public.users_user (id, password, last_login, is_superuser, first_name, last_name, is_staff, is_active, date_joined, login, email, phone_number, is_verified, auth_provider) FROM stdin;
4	pbkdf2_sha256$1000000$zpKx5xFScbBN8NFNmKGGJ6$+sfsRkixAPsQyTmaA63qusrgtmvHZdlL7kCv6hqkHcY=	\N	f	Ivan	Ivanov	f	t	2025-05-02 09:52:34.430478+00	ivanov_123	ivanov@example.com	1234567890	f	email
1	pbkdf2_sha256$1000000$CZnbbwLElefcKAlvkiRGk8$GhP0d3KMOSezCGvKbYbJNBWrnaT5ua7yNFQfz1eDBN8=	2025-05-02 18:05:18.42016+00	t	admin	admin	t	t	2025-05-01 16:59:10.045703+00	admin	admin@email.com		t	email
6	pbkdf2_sha256$1000000$hkNtuIz5OyjluHfceTdyfG$FDxkxXPhCzugsBg1mPkskD8jHWHnpHJFd+nE4pdUshA=	\N	f	user1	user1	f	t	2025-05-02 18:25:25.458292+00	user1	user1@mail.com	123123	f	email
7	pbkdf2_sha256$1000000$jX7GUhclIJlbRcIClzNjT4$KbdmFE4s4XQAQroaUaZkb44l4z1CNXeB2BlaviJFq+0=	\N	f	user2	user2	f	t	2025-05-02 18:25:49.492959+00	user2	user2@mail.com	user2	f	email
\.


--
-- Data for Name: users_user_groups; Type: TABLE DATA; Schema: public; Owner: postgres
--

COPY public.users_user_groups (id, user_id, group_id) FROM stdin;
\.


--
-- Data for Name: users_user_user_permissions; Type: TABLE DATA; Schema: public; Owner: postgres
--

COPY public.users_user_user_permissions (id, user_id, permission_id) FROM stdin;
\.


--
-- Name: apartments_apartment_id_seq; Type: SEQUENCE SET; Schema: public; Owner: postgres
--

SELECT pg_catalog.setval('public.apartments_apartment_id_seq', 24, true);


--
-- Name: auth_group_id_seq; Type: SEQUENCE SET; Schema: public; Owner: postgres
--

SELECT pg_catalog.setval('public.auth_group_id_seq', 1, false);


--
-- Name: auth_group_permissions_id_seq; Type: SEQUENCE SET; Schema: public; Owner: postgres
--

SELECT pg_catalog.setval('public.auth_group_permissions_id_seq', 1, false);


--
-- Name: auth_permission_id_seq; Type: SEQUENCE SET; Schema: public; Owner: postgres
--

SELECT pg_catalog.setval('public.auth_permission_id_seq', 32, true);


--
-- Name: booking_booking_id_seq; Type: SEQUENCE SET; Schema: public; Owner: postgres
--

SELECT pg_catalog.setval('public.booking_booking_id_seq', 29, true);


--
-- Name: django_admin_log_id_seq; Type: SEQUENCE SET; Schema: public; Owner: postgres
--

SELECT pg_catalog.setval('public.django_admin_log_id_seq', 33, true);


--
-- Name: django_content_type_id_seq; Type: SEQUENCE SET; Schema: public; Owner: postgres
--

SELECT pg_catalog.setval('public.django_content_type_id_seq', 8, true);


--
-- Name: django_migrations_id_seq; Type: SEQUENCE SET; Schema: public; Owner: postgres
--

SELECT pg_catalog.setval('public.django_migrations_id_seq', 23, true);


--
-- Name: users_user_groups_id_seq; Type: SEQUENCE SET; Schema: public; Owner: postgres
--

SELECT pg_catalog.setval('public.users_user_groups_id_seq', 1, false);


--
-- Name: users_user_id_seq; Type: SEQUENCE SET; Schema: public; Owner: postgres
--

SELECT pg_catalog.setval('public.users_user_id_seq', 7, true);


--
-- Name: users_user_user_permissions_id_seq; Type: SEQUENCE SET; Schema: public; Owner: postgres
--

SELECT pg_catalog.setval('public.users_user_user_permissions_id_seq', 1, false);


--
-- Name: apartments_apartment apartments_apartment_pkey; Type: CONSTRAINT; Schema: public; Owner: postgres
--

ALTER TABLE ONLY public.apartments_apartment
    ADD CONSTRAINT apartments_apartment_pkey PRIMARY KEY (id);


--
-- Name: apartments_apartment apartments_apartment_slug_key; Type: CONSTRAINT; Schema: public; Owner: postgres
--

ALTER TABLE ONLY public.apartments_apartment
    ADD CONSTRAINT apartments_apartment_slug_key UNIQUE (slug);


--
-- Name: auth_group auth_group_name_key; Type: CONSTRAINT; Schema: public; Owner: postgres
--

ALTER TABLE ONLY public.auth_group
    ADD CONSTRAINT auth_group_name_key UNIQUE (name);


--
-- Name: auth_group_permissions auth_group_permissions_group_id_permission_id_0cd325b0_uniq; Type: CONSTRAINT; Schema: public; Owner: postgres
--

ALTER TABLE ONLY public.auth_group_permissions
    ADD CONSTRAINT auth_group_permissions_group_id_permission_id_0cd325b0_uniq UNIQUE (group_id, permission_id);


--
-- Name: auth_group_permissions auth_group_permissions_pkey; Type: CONSTRAINT; Schema: public; Owner: postgres
--

ALTER TABLE ONLY public.auth_group_permissions
    ADD CONSTRAINT auth_group_permissions_pkey PRIMARY KEY (id);


--
-- Name: auth_group auth_group_pkey; Type: CONSTRAINT; Schema: public; Owner: postgres
--

ALTER TABLE ONLY public.auth_group
    ADD CONSTRAINT auth_group_pkey PRIMARY KEY (id);


--
-- Name: auth_permission auth_permission_content_type_id_codename_01ab375a_uniq; Type: CONSTRAINT; Schema: public; Owner: postgres
--

ALTER TABLE ONLY public.auth_permission
    ADD CONSTRAINT auth_permission_content_type_id_codename_01ab375a_uniq UNIQUE (content_type_id, codename);


--
-- Name: auth_permission auth_permission_pkey; Type: CONSTRAINT; Schema: public; Owner: postgres
--

ALTER TABLE ONLY public.auth_permission
    ADD CONSTRAINT auth_permission_pkey PRIMARY KEY (id);


--
-- Name: booking_booking booking_booking_pkey; Type: CONSTRAINT; Schema: public; Owner: postgres
--

ALTER TABLE ONLY public.booking_booking
    ADD CONSTRAINT booking_booking_pkey PRIMARY KEY (id);


--
-- Name: django_admin_log django_admin_log_pkey; Type: CONSTRAINT; Schema: public; Owner: postgres
--

ALTER TABLE ONLY public.django_admin_log
    ADD CONSTRAINT django_admin_log_pkey PRIMARY KEY (id);


--
-- Name: django_content_type django_content_type_app_label_model_76bd3d3b_uniq; Type: CONSTRAINT; Schema: public; Owner: postgres
--

ALTER TABLE ONLY public.django_content_type
    ADD CONSTRAINT django_content_type_app_label_model_76bd3d3b_uniq UNIQUE (app_label, model);


--
-- Name: django_content_type django_content_type_pkey; Type: CONSTRAINT; Schema: public; Owner: postgres
--

ALTER TABLE ONLY public.django_content_type
    ADD CONSTRAINT django_content_type_pkey PRIMARY KEY (id);


--
-- Name: django_migrations django_migrations_pkey; Type: CONSTRAINT; Schema: public; Owner: postgres
--

ALTER TABLE ONLY public.django_migrations
    ADD CONSTRAINT django_migrations_pkey PRIMARY KEY (id);


--
-- Name: django_session django_session_pkey; Type: CONSTRAINT; Schema: public; Owner: postgres
--

ALTER TABLE ONLY public.django_session
    ADD CONSTRAINT django_session_pkey PRIMARY KEY (session_key);


--
-- Name: users_user users_user_email_key; Type: CONSTRAINT; Schema: public; Owner: postgres
--

ALTER TABLE ONLY public.users_user
    ADD CONSTRAINT users_user_email_key UNIQUE (email);


--
-- Name: users_user_groups users_user_groups_pkey; Type: CONSTRAINT; Schema: public; Owner: postgres
--

ALTER TABLE ONLY public.users_user_groups
    ADD CONSTRAINT users_user_groups_pkey PRIMARY KEY (id);


--
-- Name: users_user_groups users_user_groups_user_id_group_id_b88eab82_uniq; Type: CONSTRAINT; Schema: public; Owner: postgres
--

ALTER TABLE ONLY public.users_user_groups
    ADD CONSTRAINT users_user_groups_user_id_group_id_b88eab82_uniq UNIQUE (user_id, group_id);


--
-- Name: users_user users_user_login_key; Type: CONSTRAINT; Schema: public; Owner: postgres
--

ALTER TABLE ONLY public.users_user
    ADD CONSTRAINT users_user_login_key UNIQUE (login);


--
-- Name: users_user users_user_pkey; Type: CONSTRAINT; Schema: public; Owner: postgres
--

ALTER TABLE ONLY public.users_user
    ADD CONSTRAINT users_user_pkey PRIMARY KEY (id);


--
-- Name: users_user_user_permissions users_user_user_permissions_pkey; Type: CONSTRAINT; Schema: public; Owner: postgres
--

ALTER TABLE ONLY public.users_user_user_permissions
    ADD CONSTRAINT users_user_user_permissions_pkey PRIMARY KEY (id);


--
-- Name: users_user_user_permissions users_user_user_permissions_user_id_permission_id_43338c45_uniq; Type: CONSTRAINT; Schema: public; Owner: postgres
--

ALTER TABLE ONLY public.users_user_user_permissions
    ADD CONSTRAINT users_user_user_permissions_user_id_permission_id_43338c45_uniq UNIQUE (user_id, permission_id);


--
-- Name: apartments_apartment_slug_7f5b8085_like; Type: INDEX; Schema: public; Owner: postgres
--

CREATE INDEX apartments_apartment_slug_7f5b8085_like ON public.apartments_apartment USING btree (slug varchar_pattern_ops);


--
-- Name: auth_group_name_a6ea08ec_like; Type: INDEX; Schema: public; Owner: postgres
--

CREATE INDEX auth_group_name_a6ea08ec_like ON public.auth_group USING btree (name varchar_pattern_ops);


--
-- Name: auth_group_permissions_group_id_b120cbf9; Type: INDEX; Schema: public; Owner: postgres
--

CREATE INDEX auth_group_permissions_group_id_b120cbf9 ON public.auth_group_permissions USING btree (group_id);


--
-- Name: auth_group_permissions_permission_id_84c5c92e; Type: INDEX; Schema: public; Owner: postgres
--

CREATE INDEX auth_group_permissions_permission_id_84c5c92e ON public.auth_group_permissions USING btree (permission_id);


--
-- Name: auth_permission_content_type_id_2f476e4b; Type: INDEX; Schema: public; Owner: postgres
--

CREATE INDEX auth_permission_content_type_id_2f476e4b ON public.auth_permission USING btree (content_type_id);


--
-- Name: booking_booking_apartment_id_e451dac0; Type: INDEX; Schema: public; Owner: postgres
--

CREATE INDEX booking_booking_apartment_id_e451dac0 ON public.booking_booking USING btree (apartment_id);


--
-- Name: booking_booking_user_id_e1eb6912; Type: INDEX; Schema: public; Owner: postgres
--

CREATE INDEX booking_booking_user_id_e1eb6912 ON public.booking_booking USING btree (user_id);


--
-- Name: django_admin_log_content_type_id_c4bce8eb; Type: INDEX; Schema: public; Owner: postgres
--

CREATE INDEX django_admin_log_content_type_id_c4bce8eb ON public.django_admin_log USING btree (content_type_id);


--
-- Name: django_admin_log_user_id_c564eba6; Type: INDEX; Schema: public; Owner: postgres
--

CREATE INDEX django_admin_log_user_id_c564eba6 ON public.django_admin_log USING btree (user_id);


--
-- Name: django_session_expire_date_a5c62663; Type: INDEX; Schema: public; Owner: postgres
--

CREATE INDEX django_session_expire_date_a5c62663 ON public.django_session USING btree (expire_date);


--
-- Name: django_session_session_key_c0390e0f_like; Type: INDEX; Schema: public; Owner: postgres
--

CREATE INDEX django_session_session_key_c0390e0f_like ON public.django_session USING btree (session_key varchar_pattern_ops);


--
-- Name: users_user_email_243f6e77_like; Type: INDEX; Schema: public; Owner: postgres
--

CREATE INDEX users_user_email_243f6e77_like ON public.users_user USING btree (email varchar_pattern_ops);


--
-- Name: users_user_groups_group_id_9afc8d0e; Type: INDEX; Schema: public; Owner: postgres
--

CREATE INDEX users_user_groups_group_id_9afc8d0e ON public.users_user_groups USING btree (group_id);


--
-- Name: users_user_groups_user_id_5f6f5a90; Type: INDEX; Schema: public; Owner: postgres
--

CREATE INDEX users_user_groups_user_id_5f6f5a90 ON public.users_user_groups USING btree (user_id);


--
-- Name: users_user_login_139d6169_like; Type: INDEX; Schema: public; Owner: postgres
--

CREATE INDEX users_user_login_139d6169_like ON public.users_user USING btree (login varchar_pattern_ops);


--
-- Name: users_user_user_permissions_permission_id_0b93982e; Type: INDEX; Schema: public; Owner: postgres
--

CREATE INDEX users_user_user_permissions_permission_id_0b93982e ON public.users_user_user_permissions USING btree (permission_id);


--
-- Name: users_user_user_permissions_user_id_20aca447; Type: INDEX; Schema: public; Owner: postgres
--

CREATE INDEX users_user_user_permissions_user_id_20aca447 ON public.users_user_user_permissions USING btree (user_id);


--
-- Name: auth_group_permissions auth_group_permissio_permission_id_84c5c92e_fk_auth_perm; Type: FK CONSTRAINT; Schema: public; Owner: postgres
--

ALTER TABLE ONLY public.auth_group_permissions
    ADD CONSTRAINT auth_group_permissio_permission_id_84c5c92e_fk_auth_perm FOREIGN KEY (permission_id) REFERENCES public.auth_permission(id) DEFERRABLE INITIALLY DEFERRED;


--
-- Name: auth_group_permissions auth_group_permissions_group_id_b120cbf9_fk_auth_group_id; Type: FK CONSTRAINT; Schema: public; Owner: postgres
--

ALTER TABLE ONLY public.auth_group_permissions
    ADD CONSTRAINT auth_group_permissions_group_id_b120cbf9_fk_auth_group_id FOREIGN KEY (group_id) REFERENCES public.auth_group(id) DEFERRABLE INITIALLY DEFERRED;


--
-- Name: auth_permission auth_permission_content_type_id_2f476e4b_fk_django_co; Type: FK CONSTRAINT; Schema: public; Owner: postgres
--

ALTER TABLE ONLY public.auth_permission
    ADD CONSTRAINT auth_permission_content_type_id_2f476e4b_fk_django_co FOREIGN KEY (content_type_id) REFERENCES public.django_content_type(id) DEFERRABLE INITIALLY DEFERRED;


--
-- Name: booking_booking booking_booking_apartment_id_e451dac0_fk_apartment; Type: FK CONSTRAINT; Schema: public; Owner: postgres
--

ALTER TABLE ONLY public.booking_booking
    ADD CONSTRAINT booking_booking_apartment_id_e451dac0_fk_apartment FOREIGN KEY (apartment_id) REFERENCES public.apartments_apartment(id) DEFERRABLE INITIALLY DEFERRED;


--
-- Name: booking_booking booking_booking_user_id_e1eb6912_fk_users_user_id; Type: FK CONSTRAINT; Schema: public; Owner: postgres
--

ALTER TABLE ONLY public.booking_booking
    ADD CONSTRAINT booking_booking_user_id_e1eb6912_fk_users_user_id FOREIGN KEY (user_id) REFERENCES public.users_user(id) DEFERRABLE INITIALLY DEFERRED;


--
-- Name: django_admin_log django_admin_log_content_type_id_c4bce8eb_fk_django_co; Type: FK CONSTRAINT; Schema: public; Owner: postgres
--

ALTER TABLE ONLY public.django_admin_log
    ADD CONSTRAINT django_admin_log_content_type_id_c4bce8eb_fk_django_co FOREIGN KEY (content_type_id) REFERENCES public.django_content_type(id) DEFERRABLE INITIALLY DEFERRED;


--
-- Name: django_admin_log django_admin_log_user_id_c564eba6_fk_users_user_id; Type: FK CONSTRAINT; Schema: public; Owner: postgres
--

ALTER TABLE ONLY public.django_admin_log
    ADD CONSTRAINT django_admin_log_user_id_c564eba6_fk_users_user_id FOREIGN KEY (user_id) REFERENCES public.users_user(id) DEFERRABLE INITIALLY DEFERRED;


--
-- Name: users_user_groups users_user_groups_group_id_9afc8d0e_fk_auth_group_id; Type: FK CONSTRAINT; Schema: public; Owner: postgres
--

ALTER TABLE ONLY public.users_user_groups
    ADD CONSTRAINT users_user_groups_group_id_9afc8d0e_fk_auth_group_id FOREIGN KEY (group_id) REFERENCES public.auth_group(id) DEFERRABLE INITIALLY DEFERRED;


--
-- Name: users_user_groups users_user_groups_user_id_5f6f5a90_fk_users_user_id; Type: FK CONSTRAINT; Schema: public; Owner: postgres
--

ALTER TABLE ONLY public.users_user_groups
    ADD CONSTRAINT users_user_groups_user_id_5f6f5a90_fk_users_user_id FOREIGN KEY (user_id) REFERENCES public.users_user(id) DEFERRABLE INITIALLY DEFERRED;


--
-- Name: users_user_user_permissions users_user_user_perm_permission_id_0b93982e_fk_auth_perm; Type: FK CONSTRAINT; Schema: public; Owner: postgres
--

ALTER TABLE ONLY public.users_user_user_permissions
    ADD CONSTRAINT users_user_user_perm_permission_id_0b93982e_fk_auth_perm FOREIGN KEY (permission_id) REFERENCES public.auth_permission(id) DEFERRABLE INITIALLY DEFERRED;


--
-- Name: users_user_user_permissions users_user_user_permissions_user_id_20aca447_fk_users_user_id; Type: FK CONSTRAINT; Schema: public; Owner: postgres
--

ALTER TABLE ONLY public.users_user_user_permissions
    ADD CONSTRAINT users_user_user_permissions_user_id_20aca447_fk_users_user_id FOREIGN KEY (user_id) REFERENCES public.users_user(id) DEFERRABLE INITIALLY DEFERRED;


--
-- PostgreSQL database dump complete
--

